id,name,tagline,emoji,play_package,toss_scheme,play,toss,name_en,tagline_en,icon,tagline_toss,tags,pos,kids,released,langs,name_ja,tagline_ja,name_zh,tagline_zh,name_es,tagline_es,name_pt,tagline_pt,name_de,tagline_de,name_fr,tagline_fr,name_it,tagline_it
juice-spinner,주스 스피너,오늘 주스는 누가 쏠까? 복불복 룰렛,🧃,com.fadongkwon.juice_spinner_ad,intoss://juice-spinner,1,1,Juice Spinner,Who buys the juice? Party roulette,https://fadongkwon.com/app-icons/juice-spinner.png,,파티;복불복;룰렛;모임;캐주얼,50,0,2025-03-15,ko;en;zh;ja;fr;it;es,,今日のジュースは誰のおごり？ ルーレットで決着,,今天的饮料谁请客？ 转盘说了算,,¿Quién paga el zumo? Ruleta de fiesta,,,,,,Qui paie les jus ? Roulette de soirée,,Chi offre il succo? Roulette per feste
spin-the-bottle,병 돌리기,모임을 달구는 병 돌리기 복불복,🍾,com.fadongkwon.spin_the_bottle_ad,intoss://spin-the-bottle,1,1,Spin the Bottle,The party classic bottle spin,https://fadongkwon.com/app-icons/spin-the-bottle.png,,파티;복불복;룰렛;모임;캐주얼,53,0,2024-12-29,ko;en;zh;ja;fr;it;es,,場が盛り上がるボトル回し,,派对必备的转瓶子游戏,,El clásico juego de la botella,,,,,,Le classique du tourne-bouteille,,Il classico gioco della bottiglia
saju-lotto,사주로또,내 사주로 뽑는 로또 번호,🔮,com.fadongkwon.saju_lotto,intoss://saju-lucky-number,1,1,Saju Lotto,Lucky lotto numbers from your saju,https://fadongkwon.com/app-icons/saju-lotto.png,,운세;사주;로또;콘텐츠;재미,944,0,2026-08-06,ko;en;ja;zh;es;pt;de;fr;it,ロト番号ジェネレーター,四柱推命で選ぶロト番号,乐透号码生成器,用生辰八字挑选乐透号码,Números de Lotería,Números de lotería según tu carta natal,Números da Loteria,Números da loteria pelo seu mapa natal,Lotto Zahlengenerator,Lottozahlen aus deinem Geburtsbild,Numéros de Loto,Numéros de loto tirés de votre thème,Numeri della Lotto,Numeri del lotto dal tuo tema natale
reaction,반응속도 챌린지,당신의 반응속도는 몇 ms?,⚡,com.fadongkwon.reaction,intoss://reaction-challenge,1,1,Reaction Challenge,How fast can you tap?,https://fadongkwon.com/app-icons/reaction.png,,게임;캐주얼;반응속도;순발력;기록도전,98,1,2026-08-16,ko;en;ja;zh;es;pt;de;fr;it,反応速度チャレンジ,あなたの反応速度は何ミリ秒？,反应速度挑战,你的反应速度是多少毫秒？,Reto de Reflejos,¿Cuántos milisegundos tardas?,Desafio de Reflexos,Quantos milissegundos você leva?,Reaktions-Challenge,Wie schnell tippst du wirklich?,Défi Réflexes,Quel est votre temps de réaction ?,Sfida di Riflessi,Qual è il tuo tempo di reazione?
memory-card,기억력 카드,카드를 뒤집어 짝을 맞추세요!,🃏,com.fadongkwon.memory_card,intoss://memory-card,1,1,Memory Cards,Flip and match the pairs!,https://fadongkwon.com/app-icons/memory-card.png,,게임;캐주얼;기억력;두뇌;기록도전,158,1,2026-08-16,ko;en;ja;zh;es;pt;de;fr;it,記憶力カード,カードをめくってペアを揃えよう,记忆翻牌,翻开卡片找出配对,Cartas de Memoria,Voltea las cartas y forma parejas,Cartas da Memória,Vire as cartas e forme os pares,Memory-Karten,Karten umdrehen und Paare finden,Cartes Mémoire,Retournez les cartes et trouvez les paires,Carte Memoria,Gira le carte e trova le coppie
math-monsters,수학 몬스터,문제를 풀어 몬스터를 잡아라!,👾,com.fadongkwon.math_monsters,intoss://math-monsters,1,1,Math Monsters,Solve problems to catch monsters!,https://fadongkwon.com/app-icons/math-monsters.png,,교육;아이학습;수학;몬스터;두뇌,469,1,2026-08-25,ko;en;ja;zh;es;pt;de;fr;it,さんすうモンスター,計算を解いてモンスターを捕まえよう,数学怪兽,解开算式抓住怪兽,Monstruos Matemáticos,Resuelve cuentas y atrapa monstruos,Monstros da Matemática,Resolva as contas e pegue monstros,Mathe-Monster,Rechne richtig und fang Monster,Monstres des Maths,Calcule et attrape les monstres,Mostri Matematici,Risolvi i calcoli e cattura i mostri
hangul-monsters,한글 몬스터,몬스터를 잡으며 배우는 한글!,🗣️,com.fadongkwon.hangul_monsters,intoss://hangul-monsters,1,1,Hangul Monsters,Say it right and catch monsters!,https://fadongkwon.com/app-icons/hangul-monsters.png,듣고 맞히며 배우는 한글!,교육;아이학습;한글;몬스터;듣기,580,1,2026-08-23,ko;en;ja;zh;es;pt;de;fr;it,ハングルモンスター,正しく発音してモンスターを捕まえよう,韩文怪兽,读对发音抓住怪兽,Monstruos del Hangul,Pronuncia bien y atrapa monstruos,Monstros do Hangul,Fale certo e pegue os monstros,Hangul-Monster,Sprich richtig und fang Monster,Monstres du Hangul,Prononce bien et attrape les monstres,Mostri dell\,Pronuncia bene e cattura i mostri
nursing-quiz,간호조무사 모의고사,국가시험 대비 2400+ 문항 문제은행,🩺,com.fadongkwon.nursing_quiz,intoss://nursing-quiz,1,1,Nursing Exam Bank,Korean nursing exam question bank,https://fadongkwon.com/app-icons/nursing-quiz.png,,교육;시험;자격증;문제은행,622,0,2026-08-23,ko,,,,,,,,,,,,,,
tarot,타로 운세,카드 한 장으로 보는 오늘의 흐름,🔮,com.fadongkwon.tarot,intoss://fadong-tarot,1,1,Tarot Fortune,Your daily flow in a single card,https://fadongkwon.com/app-icons/tarot.png,,운세;타로;카드;콘텐츠;재미,922,0,2026-08-28,ko;en;ja;zh;es;pt;de;fr;it,タロット占い,カード1枚で今日の運気をチェック,塔罗运势,抽一张牌看看今天的运势,Tarot Fortune,Elige una carta para ver el flujo de hoy,Tarot Fortune,Escolha uma carta para ver o fluxo de hoje,Tarot Fortune,Zieh eine Karte für den heutigen Verlauf,Tarot Fortune,Tirez une carte pour voir le flux du jour,Tarot Fortune,Scegli una carta per il flusso di oggi
tarot-ping,운세 타로핑,귀여운 카드로 보는 오늘의 운세,🩷,com.fadongkwon.tarot_ping,intoss://fadong-tarot-ping,1,1,Tarot Ping,Your day in one cute card,https://fadongkwon.com/app-icons/tarot-ping.png,,운세;타로;카드;콘텐츠;재미,924,0,2026-08-28,ko;en;ja;zh;es;pt;de;fr;it,Tarot Ping,かわいいカードで今日の運勢,Tarot Ping,用可爱塔罗看今天运势,Tarot Ping,Tu día en una carta adorable,Tarot Ping,Seu dia em uma carta fofa,Tarot Ping,Dein Tag in einer süßen Karte,Tarot Ping,Votre journée en une carte mignonne,Tarot Ping,La tua giornata in una carta carina
sudoku,스도쿠,매일 만나는 오늘의 스도쿠,9️⃣,com.fadongkwon.sudoku,intoss://sudoku-daily,1,1,Sudoku,Your daily sudoku workout,https://fadongkwon.com/app-icons/sudoku.png,,게임;퍼즐;두뇌;숫자;데일리,511,1,2026-09-04,ko;en;ja;zh;es;pt;de;fr;it,ナンプレ,毎日新しいナンプレを1問,数独,每天一局新数独,Sudoku,Tu sudoku de cada día,Sudoku,O seu sudoku de cada dia,Sudoku,Dein tägliches Sudoku,Sudoku,Votre sudoku du jour,Sudoku,Il tuo sudoku quotidiano
nonogram,노노그램,숫자 힌트로 그림을 밝히는 퍼즐,🧩,com.fadongkwon.nonogram,intoss://nonogram-daily,1,1,Nonogram,Reveal pixel art with number clues,https://fadongkwon.com/app-icons/nonogram.png,,게임;퍼즐;두뇌;그림;데일리,514,1,2026-09-04,ko;en;ja;zh;es;pt;de;fr;it,ノノグラム,数字のヒントで絵を浮かび上がらせる,数织,靠数字提示还原图案,Nonograma,Descubre el dibujo con pistas numéricas,Nonograma,Revele o desenho com dicas numéricas,Nonogramm,Enthülle das Bild mit Zahlenhinweisen,Nonogramme,Révélez l'image grâce aux chiffres,Nonogramma,Svela il disegno con indizi numerici
lights-off,불끄기 퍼즐,모든 불을 꺼라! 두뇌 토글 퍼즐,💡,com.fadongkwon.lights_off,intoss://lights-off,1,1,All Lights Off,Turn off every light!,https://fadongkwon.com/app-icons/lights-off.png,,게임;퍼즐;두뇌;캐주얼;데일리,426,1,2026-09-04,ko;en;ja;zh;es;pt;de;fr;it,ライト消しパズル,すべてのライトを消す頭脳パズル,关灯谜题,关掉所有灯的益智谜题,Apaga las Luces,¡Apaga todas las luces!,Apague as Luzes,Apague todas as luzes!,Alle Lichter Aus,Schalte alle Lichter aus!,Toutes Lumières Éteintes,Éteignez toutes les lumières !,Spegni le Luci,Spegni tutte le luci!
hangul-word,단어 맞추기,여섯 자모로 한글 단어 추리!,📝,com.fadongkwon.hangul_word,intoss://hangul-word,1,1,Hangul Word Guess,Guess the Korean word in six jamo,https://fadongkwon.com/app-icons/hangul-word.png,,게임;퍼즐;단어;한글;데일리,537,1,2026-09-04,ko;en;ja;zh;es;pt;de;fr;it,ハングル単語当て,6つの字母からハングル単語を推理,韩文单词猜谜,用六个字母推理韩文单词,Palabra Hangul,Adivina la palabra coreana en seis jamo,Palavra Hangul,Adivinhe a palavra coreana em seis jamo,Hangul-Worträtsel,Errate das koreanische Wort aus sechs Jamo,Mot Hangul,Devinez le mot coréen en six jamo,Parola Hangul,Indovina la parola coreana in sei jamo
tap-bird,탭 버드,탭해서 장애물 사이를 날아라!,🐤,com.fadongkwon.tap_bird,intoss://tap-bird,1,1,Tap Bird,Tap to fly through the gaps!,https://fadongkwon.com/app-icons/tap-bird.png,,게임;캐주얼;아케이드;순발력;반응속도;기록도전,96,1,2026-09-04,ko;en;ja;zh;es;pt;de;fr;it,タップバード,タップして障害物の間を飛び抜けよう,点点鸟,点击穿越障碍物,Tap Bird,¡Toca para volar entre los obstáculos!,Tap Bird,Toque para voar entre os obstáculos!,Tap Bird,Tippe und flieg durch die Lücken!,Tap Bird,Touchez pour voler entre les obstacles !,Tap Bird,Tocca e vola tra gli ostacoli!
sky-jump,하늘 점프,발판을 밟고 무한히 높이!,🚀,com.fadongkwon.sky_jump,intoss://sky-jump,1,1,Sky Jump,Bounce higher and higher!,https://fadongkwon.com/app-icons/sky-jump.png,,게임;캐주얼;아케이드;점프;기록도전,118,1,2026-09-08,ko;en;ja;zh;es;pt;de;fr;it,スカイジャンプ,足場を踏んでどこまでも高く,天空跳跃,踩着踏板不断向上,Salto al Cielo,Salta de plataforma en plataforma,Salto no Céu,Pule de plataforma em plataforma,Himmelssprung,Spring von Plattform zu Plattform,Saut Céleste,Sautez de plateforme en plateforme,Salto nel Cielo,Salta di piattaforma in piattaforma
solitaire,솔리테어,클래식 카드 게임의 정석,♠️,com.fadongkwon.solitaire,intoss://solitaire-classic,1,1,Solitaire,The timeless classic card game,https://fadongkwon.com/app-icons/solitaire.png,,게임;카드;클래식;퍼즐;시간때우기,736,0,2026-09-08,ko;en;ja;zh;es;pt;de;fr;it,ソリティア,定番のソリティアをいつでも,纸牌接龙,经典纸牌接龙,Solitario,El clásico solitario de siempre,Paciência,O clássico jogo de paciência,Solitär,Der zeitlose Klassiker Solitär,Solitaire,Le grand classique du solitaire,Solitario,L'intramontabile solitario
number-tap,순발력 숫자판,숫자를 순서대로 빠르게 탭!,🔢,com.fadongkwon.number_tap,intoss://number-tap-rush,1,1,Number Rush,Tap the numbers in order - fast!,https://fadongkwon.com/app-icons/number-tap.png,,게임;캐주얼;순발력;반응속도;기록도전,101,1,2026-09-04,ko;en;ja;zh;es;pt;de;fr;it,数字タッチ,数字を順番に素早くタップ,数字速点,按顺序快速点数字,Números al Toque,Toca los números en orden y rápido,Números no Toque,Toque nos números em ordem e rápido,Zahlen-Tapp,Tippe die Zahlen der Reihe nach,Chiffres Express,Touchez les chiffres dans l'ordre,Numeri Veloci,Tocca i numeri in ordine e in fretta
game-2048,2048,숫자를 합쳐 2048을 만들어라!,🔢,com.fadongkwon.game_2048,intoss://game-2048,1,1,2048,Merge the tiles to reach 2048!,https://fadongkwon.com/app-icons/game-2048.png,,게임;퍼즐;두뇌;캐주얼;데일리,423,1,2026-09-08,ko;en;ja;zh;es;pt;de;fr;it,2048,数字を合わせて2048を作ろう,2048,合并数字凑出2048,2048,Une los números hasta llegar a 2048,2048,Junte os números até chegar a 2048,2048,Schiebe gleiche Zahlen bis zur 2048,2048,Fusionnez les nombres jusqu'à 2048,2048,Unisci i numeri fino a 2048
slide-puzzle,숫자 퍼즐,타일을 밀어 순서대로 맞추기,🧩,com.fadongkwon.slide_puzzle,intoss://slide-puzzle-15,1,1,Number Slide,Slide the tiles into order!,https://fadongkwon.com/app-icons/slide-puzzle.png,,게임;퍼즐;두뇌;클래식;데일리,520,1,2026-09-08,ko;en;ja;zh;es;pt;de;fr;it,数字スライドパズル,タイルをスライドして順番に並べる,数字华容道,滑动方块排好顺序,Puzle Deslizante,Desliza las fichas hasta ordenarlas,Quebra-Cabeça Deslizante,Deslize as peças até ordená-las,Schiebepuzzle,Schiebe die Kacheln in Reihenfolge,Puzzle Coulissant,Faites glisser les tuiles dans l'ordre,Puzzle Scorrevole,Fai scorrere le tessere in ordine
minesweeper,지뢰찾기,숫자 힌트로 지뢰를 피해라,💣,com.fadongkwon.minesweeper,intoss://minesweeper-classic,1,1,Minesweeper,Clear the field without hitting a mine,https://fadongkwon.com/app-icons/minesweeper.png,,게임;퍼즐;두뇌;클래식;데일리,517,1,2026-09-08,ko;en;ja;zh;es;pt;de;fr;it,マインスイーパー,数字を頼りに地雷を避けよう,扫雷,看数字避开地雷,Buscaminas,Esquiva las minas leyendo los números,Campo Minado,Desvie das minas lendo os números,Minesweeper,Weiche den Minen mit den Zahlen aus,Démineur,Évitez les mines grâce aux chiffres,Campo Minato,Evita le mine leggendo i numeri
snake,뱀 게임,먹이를 먹고 길어지는 클래식,🐍,com.fadongkwon.snake,intoss://snake-classic,1,1,Snake,Eat and grow without biting yourself!,https://fadongkwon.com/app-icons/snake.png,,게임;아케이드;클래식;순발력;기록도전,195,1,2026-09-08,ko;en;ja;zh;es;pt;de;fr;it,スネークゲーム,エサを食べて伸びる定番ゲーム,贪吃蛇,吃食变长的经典贪吃蛇,Snake,Come y crece sin morderte,Jogo da Cobrinha,Coma e cresça sem se morder,Snake,Friss und wachse ohne dich zu beißen,Snake,Mangez et grandissez sans vous mordre,Snake,Mangia e cresci senza morderti
breakout,벽돌깨기,공을 튕겨 벽돌을 모두 깨라,🧱,com.fadongkwon.breakout,intoss://breakout,1,1,Brick Breaker,Bounce the ball and clear the bricks,https://fadongkwon.com/app-icons/breakout.png,,게임;아케이드;클래식;순발력;기록도전,192,1,2026-09-08,ko;en;ja;zh;es;pt;de;fr;it,ブロック崩し,ボールを弾ませてブロックを全部壊そう,打砖块,弹球打碎所有砖块,Rompe Ladrillos,Rebota la bola y rompe los ladrillos,Quebra-Blocos,Rebata a bola e quebre os tijolos,Ballerburg,Lass den Ball alle Steine zerlegen,Casse-Briques,Faites rebondir la balle et cassez tout,Spacca Mattoni,Fai rimbalzare la palla e rompi tutto
pixel-pong,픽셀 탁구,AI 또는 친구와 1:1 탁구 대결,🏓,com.fadongkwon.pixel_pong,intoss://pixel-pong,1,1,Pixel Pong,1v1 table tennis vs AI or a friend,https://fadongkwon.com/app-icons/pixel-pong.png,,게임;아케이드;클래식;대전;2인,281,1,2026-09-08,ko;en;ja;zh;es;pt;de;fr;it,ピクセル卓球,AIか友だちと1対1の卓球対決,像素乒乓,和AI或好友1对1乒乓对决,Pixel Pong,Ping pong 1vs1 con la IA o un amigo,Pixel Pong,Pingue-pongue 1v1 com a IA ou um amigo,Pixel Pong,Tischtennis 1vs1 gegen KI oder Freund,Pixel Pong,Ping-pong 1v1 contre l'IA ou un ami,Pixel Pong,Ping pong 1v1 contro IA o un amico
tower-stack,타워 쌓기,타이밍 맞춰 블록을 높이 쌓자,🏗️,com.fadongkwon.tower_stack,intoss://tower-stack-game,1,1,Tower Stack,Tap in time and stack it high!,https://fadongkwon.com/app-icons/tower-stack.png,,게임;아케이드;순발력;캐주얼;기록도전,121,1,2026-09-08,ko;en;ja;zh;es;pt;de;fr;it,タワースタック,タイミングよくブロックを高く積もう,叠塔大师,掌握时机把方块叠高,Torre Apilada,Toca en el momento justo y apila alto,Torre Empilhada,Toque na hora certa e empilhe alto,Turmstapel,Tippe im richtigen Moment und stapel hoch,Tour Empilée,Touchez au bon moment et empilez haut,Torre Impilata,Tocca al momento giusto e impila in alto
gomoku,오목,다섯 알을 먼저 이어라,⚫,com.fadongkwon.gomoku,intoss://gomoku,1,1,Gomoku,Connect five to win,https://fadongkwon.com/app-icons/gomoku.png,,게임;보드;클래식;대전;두뇌,352,1,2026-09-08,ko;en;ja;zh;es;pt;de;fr;it,五目並べ,先に五つ並べたら勝ち,五子棋,先连成五子者胜,Gomoku,Conecta cinco antes que nadie,Gomoku,Conecte cinco antes do adversário,Gomoku,Verbinde als Erster fünf Steine,Gomoku,Alignez cinq pions avant l'adversaire,Gomoku,Allinea cinque pedine per primo
rock-paper-scissors,가위바위보,AI와 친구와 즐기는 가위바위보,✌️,com.fadongkwon.rock_paper_scissors,intoss://rock-paper-scissors,1,1,Rock Paper Scissors,Classic hand game vs AI or a friend,https://fadongkwon.com/app-icons/rock-paper-scissors.png,,게임;캐주얼;대전;2인;순발력,141,1,2026-09-08,ko;en;ja;zh;es;pt;de;fr;it,じゃんけん,AIや友だちと楽しむじゃんけん,剪刀石头布,和AI或好友玩剪刀石头布,Piedra Papel Tijera,Piedra papel o tijera con IA o amigos,Pedra Papel Tesoura,Pedra papel ou tesoura com IA ou amigos,Schere Stein Papier,Schere Stein Papier gegen KI oder Freunde,Pierre Feuille Ciseaux,Pierre feuille ciseaux contre IA ou amis,Sasso Carta Forbice,Sasso carta forbici con IA o amici
whack-a-mole,두더지 잡기,튀어나오는 두더지를 재빨리 탭!,🐹,com.fadongkwon.whack_a_mole,intoss://mole-tap,1,1,Mole Tap,Tap the moles before they hide!,https://fadongkwon.com/app-icons/whack-a-mole.png,,게임;캐주얼;순발력;아케이드;기록도전,124,1,2026-09-08,ko;en;ja;zh;es;pt;de;fr;it,モグラたたき,飛び出すモグラを素早くタップ,打地鼠,快速点击冒头的地鼠,Toca el Topo,Toca los topos antes de que se escondan,Toque na Toupeira,Toque nas toupeiras antes que sumam,Maulwurf-Tapp,Tippe die Maulwürfe bevor sie abtauchen,Tape la Taupe,Tapez les taupes avant qu'elles filent,Tocca la Talpa,Colpisci le talpe prima che spariscano
sequence-memory,순서 기억,불빛 순서를 기억해 따라 누르기,🎵,com.fadongkwon.sequence_memory,intoss://sequence-memory,1,1,Sequence Memory,Remember and repeat the pattern,https://fadongkwon.com/app-icons/sequence-memory.png,,게임;두뇌;기억력;캐주얼;데일리,389,1,2026-09-08,ko;en;ja;zh;es;pt;de;fr;it,順番メモリー,光る順番を覚えて同じように押す,顺序记忆,记住灯光顺序再按一遍,Memoria de Secuencias,Memoriza la secuencia de luces y repítela,Memória de Sequência,Memorize a sequência de luzes e repita,Sequenz-Gedächtnis,Merke dir die Lichtfolge und tippe nach,Mémoire de Séquence,Mémorisez la séquence puis reproduisez-la,Memoria di Sequenza,Memorizza la sequenza di luci e ripetila
daily-history,매일 한국사,하루 한 문제로 쌓는 한국사,📜,com.fadongkwon.daily_history,intoss://daily-history,1,1,Daily Korean History,One Korean history question a day,https://fadongkwon.com/app-icons/daily-history.png,,퀴즈;한국사;교육;상식;데일리,665,0,2026-09-21,ko,,,,,,,,,,,,,,
daily-econ,매일 경제 상식,하루 한 문제로 배우는 돈 공부,💰,com.fadongkwon.daily_econ,intoss://daily-econ,1,1,Daily Money Quiz,One money question a day,https://fadongkwon.com/app-icons/daily-econ.png,,퀴즈;경제;재테크;교육;데일리,808,0,2026-09-22,ko,,,,,,,,,,,,,,
car-lotto,차번호 로또,내 차 번호로 뽑는 로또 번호,🚗,com.fadongkwon.car_lotto,intoss://car-lotto,1,1,Car Number Lotto,Lotto numbers from your plate,https://fadongkwon.com/app-icons/car-lotto.png,,로또;운세;번호;콘텐츠;재미,941,0,2026-09-21,ko,,,,,,,,,,,,,,
star-lotto,별자리 로또,내 별자리 행운수로 뽑는 번호,✨,com.fadongkwon.star_lotto,intoss://star-lotto,1,1,Star Lotto,Lotto numbers from your zodiac sign,https://fadongkwon.com/app-icons/star-lotto.png,,로또;운세;별자리;콘텐츠,947,0,2026-09-21,ko,,,,,,,,,,,,,,
lotto-saving,로또 대신 저축,로또 살 돈을 모았다면 얼마일까,🏦,com.fadongkwon.lotto_saving,intoss://lotto-saving,1,1,Save Instead of Lotto,What if you saved it instead,https://fadongkwon.com/app-icons/lotto-saving.png,,재테크;저축;로또;시뮬레이터;계산,850,0,2026-09-21,ko,,,,,,,,,,,,,,
name-lotto,내 이름 로또,내 이름의 오행으로 뽑는 번호,✍️,com.fadongkwon.name_lotto,intoss://name-lotto,1,1,Name Lotto,Lotto numbers from your name,https://fadongkwon.com/app-icons/name-lotto.png,,로또;운세;이름;오행;콘텐츠,950,0,2026-09-21,ko,,,,,,,,,,,,,,
block-fill,블록 채우기,조각을 채워 줄을 지우는 블록 퍼즐,🟦,com.fadongkwon.block_fill,intoss://block-fill,1,0,Block Fill,Place blocks and clear the lines,https://fadongkwon.com/app-icons/block-fill.png,,게임;퍼즐;두뇌;블록;캐주얼,315,1,2026-10-07,ko;en;ja;zh;es;pt;de;fr;it,ブロック埋め,ブロックを置いて列を消すパズル,方块填充,放置方块消除整行的益智游戏,Llena Bloques,Coloca bloques y limpia las líneas,Preencha os Blocos,Encaixe blocos e limpe as linhas,Blöcke füllen,Blöcke setzen und Reihen leeren,Remplis les Blocs,Placez des blocs et videz les lignes,Riempi i Blocchi,Piazza i blocchi e svuota le righe
merge-pop,머지 팝,같은 것끼리 합쳐 더 크게 키우기,🍒,com.fadongkwon.merge_pop,intoss://merge-pop,1,0,Merge Pop,Drop and merge to grow bigger,https://fadongkwon.com/app-icons/merge-pop.png,,게임;퍼즐;머지;캐주얼;물리,238,1,2026-10-07,ko;en;ja;zh;es;pt;de;fr;it,マージポップ,同じもの同士を合体させて大きく,合并啵啵,相同的合在一起越变越大,Fusión Pop,Suelta y fusiona para crecer,Fusão Pop,Solte e funda para crescer,Fusions-Pop,Fallen lassen und verschmelzen,Fusion Pop,Lâchez et fusionnez pour grandir,Fusione Pop,Lascia cadere e fondi per crescere
make-ten,10 만들기,묶어서 합이 10이면 펑! 2분 숫자 퍼즐,🔟,com.fadongkwon.make_ten,intoss://make-ten-puzzle,1,0,Make Ten,Box numbers that sum to ten,https://fadongkwon.com/app-icons/make-ten.png,,게임;퍼즐;숫자;두뇌;순발력,372,1,2026-10-07,ko;en;ja;zh;es;pt;de;fr;it,10をつくろう,囲んで合計10で消す2分パズル,凑十,框选数字凑成10就消除,Suma Diez,Agrupa números que sumen diez,Soma Dez,Agrupe números que somem dez,Zehn machen,Zahlen markieren die zehn ergeben,Fais Dix,Encadrez des nombres qui font dix,Fai Dieci,Racchiudi numeri che fanno dieci
bubble-pop,버블 팝,조준해서 같은 색 세 개를 터뜨려요,🫧,com.fadongkwon.bubble_pop,intoss://bubble-pop-game,1,0,Bubble Pop,Aim and pop three of a color,https://fadongkwon.com/app-icons/bubble-pop.png,,게임;아케이드;캐주얼;조준;클래식,175,1,2026-10-07,ko;en;ja;zh;es;pt;de;fr;it,バブルポップ,狙って同じ色3つを割ろう,泡泡啪,瞄准后消除三个同色泡泡,Revienta Burbujas,Apunta y revienta tres del mismo color,Estoura Bolhas,Mire e estoure três da mesma cor,Blasenplatzer,Zielen und drei gleiche platzen,Éclate-Bulles,Visez et éclatez trois de même couleur,Scoppia Bolle,Mira e scoppia tre dello stesso colore
box-push,상자 밀기,상자를 밀어 제자리에 넣는 두뇌 퍼즐,📦,com.fadongkwon.box_push,intoss://box-push,1,0,Box Push,Push every box onto its spot,https://fadongkwon.com/app-icons/box-push.png,,게임;퍼즐;두뇌;레벨;클래식,406,1,2026-10-07,ko;en;ja;zh;es;pt;de;fr;it,箱押しパズル,箱を押してゴールへ運ぶ頭脳パズル,推箱子,推动箱子到目标位置的益智游戏,Empuja Cajas,Empuja cada caja a su sitio,Empurra Caixas,Empurre cada caixa ao seu lugar,Kisten schieben,Schiebe jede Kiste ins Ziel,Pousse-Caisses,Poussez chaque caisse à sa place,Spingi Casse,Spingi ogni scatola al suo posto
reversi,리버시,끼워서 뒤집고 판을 내 색으로,⚪,com.fadongkwon.reversi,intoss://reversi-classic,1,0,Reversi,Flip discs and paint the board your color,https://fadongkwon.com/app-icons/reversi.png,,게임;보드;클래식;대전;두뇌,355,1,2026-10-07,ko;en;ja;zh;es;pt;de;fr;it,リバーシ,はさんで裏返して盤を自分の色に,黑白棋,夹住翻转 让棋盘变成你的颜色,Reversi,Encierra y voltea las fichas rivales,Reversi,Cerque e vire as peças do adversário,Reversi,Steine einschließen und umdrehen,Reversi,Encadrez et retournez les pions,Reversi,Chiudi e gira le pedine avversarie
four-in-a-row,사목,돌을 떨어뜨려 네 개를 먼저 이어요,🔴,com.fadongkwon.four_in_a_row,intoss://four-in-a-row,1,0,Four in a Row,Drop discs and be first to line up four,https://fadongkwon.com/app-icons/four-in-a-row.png,,게임;보드;클래식;대전;두뇌,341,1,2026-10-07,ko;en;ja;zh;es;pt;de;fr;it,四目並べ,コマを落として先に4つ並べよう,四子棋,投下棋子抢先连成四子,Cuatro en raya,Deja caer fichas y alinea cuatro primero,Quatro Seguidos,Solte as peças e alinhe quatro primeiro,Vier in einer Reihe,Bring als Erster vier Steine in eine Reihe,Quatre en ligne,Alignez quatre jetons avant l’adversaire,Quattro in fila,Allinea quattro pedine per primo
gonu,고누,우물·호박·참고누 세 가지 전통 놀이,🪨,com.fadongkwon.gonu,intoss://gonu,1,0,Gonu,Three classic Korean strategy board games,https://fadongkwon.com/app-icons/gonu.png,,게임;보드;전통;클래식;대전;두뇌,332,1,2026-10-07,ko;en;ja;zh;es;pt;de;fr;it,コヌ,井戸・かぼちゃ・チャム 3つの伝統コヌ,Gonu 韩国传统棋,水井·南瓜·十二子 三种韩国传统棋,Gonu,Tres clásicos coreanos de estrategia,Gonu,Três clássicos coreanos de estratégia,Gonu,Drei koreanische Strategie-Klassiker,Gonu,Trois classiques coréens de stratégie,Gonu,Tre classici coreani di strategia
checkers,체커,뛰어넘어 잡고 킹이 되세요,🏁,com.fadongkwon.checkers,intoss://checkers,1,0,Checkers,Jump to capture and crown your kings,https://fadongkwon.com/app-icons/checkers.png,,게임;보드;클래식;대전;두뇌,343,1,2026-10-07,ko;en;ja;zh;es;pt;de;fr;it,チェッカー,飛び越えて取ってキングになろう,西洋跳棋,跳吃对手的棋子 升级成王,Damas,Salta para capturar y corona tu dama,Damas,Salte para capturar e coroe sua dama,Dame,Überspringe Steine und werde zur Dame,Dames,Capturez en sautant et faites dame,Dama,Salta per catturare e diventa dama
dots-boxes,점 잇기,선을 이어 네모를 더 많이 차지하라,🔳,com.fadongkwon.dots_boxes,intoss://dots-boxes,1,0,Dots and Boxes,Connect the dots and claim the most boxes,https://fadongkwon.com/app-icons/dots-boxes.png,,게임;보드;클래식;대전;두뇌,346,1,2026-10-07,ko;en;ja;zh;es;pt;de;fr;it,ドット＆ボックス,線を結んで四角をたくさん取ろう,点格棋,连线围方格 占得最多者胜,Puntos y Cajas,Une los puntos y cierra más cajas,Jogo dos Pontinhos,Ligue os pontos e feche mais caixas,Käsekästchen,Punkte verbinden und Kästchen schließen,Points et Carrés,Reliez les points et fermez des carrés,Punti e Quadrati,Unisci i punti e chiudi più quadrati
mancala,만칼라,씨앗을 뿌려 내 창고를 채워라,🌰,com.fadongkwon.mancala,intoss://mancala,1,0,Mancala,Sow seeds and fill your store to win,https://fadongkwon.com/app-icons/mancala.png,,게임;보드;클래식;대전;두뇌,349,1,2026-10-07,ko;en;ja;zh;es;pt;de;fr;it,マンカラ,種をまいて自分のストアを満たそう,曼卡拉,播下种子 装满你的仓库,Mancala,Siembra semillas y llena tu almacén,Mancala,Semeie as sementes e encha seu armazém,Mancala,Säe die Samen und fülle dein Lager,Mancala,Semez les graines et remplissez la réserve,Mancala,Semina i semi e riempi il tuo deposito
sea-battle,해전,숨은 적 함대를 먼저 모두 격침하세요,🚢,com.fadongkwon.sea_battle,intoss://sea-battle,1,0,Sea Battle,Find and sink the hidden enemy fleet first,https://fadongkwon.com/app-icons/sea-battle.png,,게임;보드;클래식;대전;두뇌;추리,338,1,2026-10-07,ko;en;ja;zh;es;pt;de;fr;it,海戦,見えない敵艦隊を先にすべて撃沈しよう,海战,先把隐藏的敌方舰队全部击沉,Combate naval,Hunde primero la flota enemiga escondida,Batalha no Mar,Afunde primeiro a frota inimiga escondida,Seeschlacht,Versenke zuerst die versteckte Feindflotte,Combat naval,Coulez d’abord la flotte ennemie cachée,Scontro navale,Affonda prima la flotta nemica nascosta
yut-nori,윷놀이,윷 던져 말 업고 지름길로 먼저 나가세요,🐎,com.fadongkwon.yut_nori,intoss://yut-nori,1,0,Yut Nori,Toss the sticks and race your pieces home,https://fadongkwon.com/app-icons/yut-nori.png,,게임;보드;전통;클래식;대전;두뇌;명절,298,1,2026-10-07,ko;en;ja;zh;es;pt;de;fr;it,ユンノリ,ユッを投げて近道で先にゴールしよう,尤茨棋,掷木棍抄近路 抢先让棋子回家,Yut Nori,Lanza los palos y lleva tus fichas a casa,Yut Nori,Lance os pauzinhos e corra para casa,Yut Nori,Stäbchen werfen und Figuren heimbringen,Yut Nori,Lancez les bâtonnets et ramenez vos pions,Yut Nori,Lancia i bastoncini e corri a casa
janggi,장기,컴퓨터와 한판 두는 정통 한국 장기,♟️,com.fadongkwon.janggi,intoss://janggi-classic,1,0,Janggi,Classic Korean chess vs computer or friend,https://fadongkwon.com/app-icons/janggi.png,,게임;보드;전통;클래식;대전;두뇌,335,1,2026-10-07,ko;en;ja;zh;es;pt;de;fr;it,チャンギ,韓国将棋チャンギをコンピュータと対局,韩国象棋,与电脑对弈的正宗韩国象棋,Janggi,Ajedrez coreano clásico contra la CPU,Janggi,Xadrez coreano clássico contra a IA,Janggi,Klassisches koreanisches Schach gegen KI,Janggi,Les échecs coréens contre l’ordinateur,Janggi,Scacchi coreani classici contro l’IA
